id,user,user_url,time,url,text,a_id,a_user,a_user_url,a_time,a_url,a_text,att_type,att_url,media_url,ext_url,ext_text,comment_count,toplevel_comment_count,reaction_count,share_count,reactors,like,love,anger,haha,support,sorry,wow
UzpfSTI2ODEwODYwMjA3NToxMDE1ODE4NzgzODk1NzA3Ng==,Benjamin Netanyahu - בנימין נתניהו,https://www.facebook.com/Netanyahu/,2021-04-19 09:22:45,https://www.facebook.com/Netanyahu/posts/10158187838957076,"התקשורת העולמית מדווחת על ההישג האדיר שלנו:

בזכות החיסונים שהבאנו, ישראל היא המדינה הראשונה בעולם לצאת מהקורונה ולהוריד מסיכות במרחב הציבורי! 🇮🇱💪",-,-,-,,-,-,Video,https://www.facebook.com/Netanyahu/videos/289403052758012/,-,-,-,541,454,9556,841,9556,8461,944,10,34,80,5,22
UzpfSTI2ODEwODYwMjA3NToxMDE1ODE4NjQ0MTQ5MjA3Ng==,Benjamin Netanyahu - בנימין נתניהו,https://www.facebook.com/Netanyahu/,2021-04-18 16:46:10,https://www.facebook.com/Netanyahu/posts/10158186441492076,"האפשרויות שלפנינו חדות וברורות: ממשלה שעיקרה שמאל - לפיד, העבודה, מרצ, בתמיכת המשותפת, או ממשלת ימין יציבה וחזקה ל-4 שנים. 

הממשלה הבאה צריכה להגן על חיילי צה״ל מפני תביעות בית הדין הבינלאומי בהאג, צריכה לשמור על ההתיישבות, צריכה לשמור על הזהות היהודית של מדינת ישראל. רק ממשלת ימין חזקה תעשה זאת. אפשר להקים אותה בנקל. ולכן אני קורא גם לבנט וגם לגדעון סער - תצטרפו אלינו, בואו נקים את הממשלה הימנית החזקה שמדינת ישראל זקוקה לה ברגע זה. 

אני קורא לבנט, מחר, להצטרף להצעה שלנו להקמת הוועדה המסדרת, שתשמור על הכוח של הימין ותשאיר גם לו זכות וטו. אין שום סיבה שיחבור לשמאל, לא בעניין הזה ולא בשום עניין אחר.",-,-,-,,-,-,Video,https://www.facebook.com/Netanyahu/videos/2813245279004101/,-,-,-,1354,885,7888,589,7888,6962,738,16,75,86,4,7
UzpfSTI2ODEwODYwMjA3NToxMDE1ODE4NjIzMjg4NzA3Ng==,Benjamin Netanyahu - בנימין נתניהו,https://www.facebook.com/Netanyahu/,2021-04-18 14:45:00,https://www.facebook.com/Netanyahu/posts/10158186232887076,שווה קריאה:,-,-,-,,-,-,Share,-,-,https://www.israelhayom.co.il/opinion/871151,להזיז את נתניהו ושקרים אחרים,382,226,3143,252,3143,2964,123,5,18,29,0,4
UzpfSTI2ODEwODYwMjA3NToxMDE1ODE4NjA2MTI3MjA3Ng==,Benjamin Netanyahu - בנימין נתניהו,https://www.facebook.com/Netanyahu/,2021-04-18 13:06:20,https://www.facebook.com/Netanyahu/posts/10158186061272076,"מסיים פגישת עבודה חשובה עם יו״ר ארגון נכי צה״ל, עידן קלימן.

מצוקתם של נכי ופצועי צה״ל היא אמיתית - דרושה גם עזרה ראשונה וגם רפורמה מקיפה שכוללת טיפול בפצועים, נכים והלומי קרב. נעשה זאת תוך שבועיים בממשלה. אנחנו מחוייבים לכך.",-,-,-,,-,-,Video,https://www.facebook.com/Netanyahu/videos/294716032199462/,-,-,-,717,506,4675,322,4675,4158,422,16,15,59,4,1
UzpfSTI2ODEwODYwMjA3NToxMDE1ODE4NTkyNDczNzA3Ng==,Benjamin Netanyahu - בנימין נתניהו,https://www.facebook.com/Netanyahu/,2021-04-18 11:04:23,https://www.facebook.com/Netanyahu/posts/10158185924737076,"אנחנו ביום חג של פתיחה מלאה של מערכת החינוך שלנו. אנו מובילים את העולם ביציאה מהקורונה. 

ובכל זאת, עוד לא סיימנו עם הקורונה משום שהיא עלולה לחזור. הדבר החשוב ביותר כדי למנוע את חזרת הקורונה, הוא להביא עוד מיליוני חיסונים, משום שבמוקדם או במאוחר נצטרך חיסון נוסף. 

זה הדבר החשוב ביותר כרגע ועל
כך אני עובד מסביב לשעון. 

(צילום: קובי גדעון, לע״מ)",-,-,-,,-,-,Photo,-,https://www.facebook.com/Netanyahu/photos/a.10151681566507076/10158185924672076/,-,-,219,195,7146,202,7146,6440,599,9,14,75,4,5
UzpfSTI2ODEwODYwMjA3NToxMDE1ODE4NTg0MTEyNzA3Ng==,Benjamin Netanyahu - בנימין נתניהו,https://www.facebook.com/Netanyahu/,2021-04-18 09:28:29,https://www.facebook.com/Netanyahu/posts/10158185841127076,-,UzpfSTEwMDAwOTAzOTY0MDEyODoyNzY0NDI4MDY3MjAxODIx,טל אור טסונה,https://www.facebook.com/TalOr314,2021-04-18 09:17:33,https://www.facebook.com/TalOr314/posts/2764428067201821,"משפט נתניהו הוא המשפט החשוב ביותר בתולדות מדינת ישראל, והוא גם בפער עצום המשפט היקר ביותר.

מבחינה כלכלית נטו, משפט נתניהו עולה לאזרחי ישראל עשרות מיליארדי שקלים בנזקים לשוק התקשורת. לאחר שש שנים בהן פרקליט עם עודף מוטיבציה ויועמ""ש הנאחז בגרונו תקעו רפורמה הכרחית בפרויקט האינטרנט המהיר, הגיע משרד התקשורת למסקנה שהרפורמה עליה חתם נתניהו (בסוף שרשרת ארוכה של אישורים מקצועיים) היא בעצם הכרחית ומחויבת המציאות ואישר אותה במלואה.

אבל משפט נתניהו הוא לא רק משפט יקר, הוא דה פאקטו נקודת הפיצוץ בין הדמוקרטיה לפקידוקרטיה - מלחמת רשויות על השאלה האם יש לתת למסעודה ובוריס חופש בחירה מלא או שיש להגביל אותם לגבולות גזרה שיקבעו על ידי 15 שופטים שמינו את עצמם.

אם בנימין נתניהו היה מושחת, לא היה צורך במשפט. להיפך, הפרקליטות היתה אוחזת בגרונו של ראש הממשלה כדי להפוך אותו לבובה על חוט. די לראות את בני גנץ משתמש בבריאות של אזרחי ישראל כבת ערובה ומנוף לחץ למינויים פוליטיים על מנת להבין מדוע תיק פתוח עדיף על משפט ראווה.

מי שבקיא בתיקי נתניהו לא יכול שלא להתפלץ מהפרדוקס - תיק 2000 מזכה את נתניהו בתיק 4000, תיק 4000 מזכה את נתניהו בתיק 2000. תיק והיפוכו, ניסיון להפוך כמות לאיכות בתקווה שמשהו בכל זאת ידבק.

בתיק 2000 הציעו לנתניהו את קבוצת ידיעות כולה כעבד נרצע לרגליו אם רק יסכים להביט הצידה בעת שיאיר לפיד וציפי ליבני סוגרים את עיתון ישראל היום, הוא סרב. ובכל זאת הפרקליטות הגישה נגדו כתב אישום מפני שלקח לעצמו את הזמן להקליט את נוני מוזס סוחט אותו ומנסה להציע שוחד.

ופתאום, בתיק 4000 הפרקליטות שבידה הקלטות המוכיחות שנתניהו סרב לעסקת שוחד טובה בהרבה, הגיעה למסקנה שממש במקביל הוא הסכים לתת כמעט שני מיליארד ש""ח תמורת כמה כתבות רכילות צדדיות באתר וואלה. איזה טרלול, איזה איבוד עשתונות.

אחרי שנים של חקירות, סחיטת עדים, חוקרים הנמצאים בניגוד עניינים ומערכת משפט שעשתה יד אחת עם התקשורת להפלת ראש ממשלה באמצעות תיקים תקדימיים על עבירות שלא קיימות בספר החוקים הגיע רגע האמת ומה קיבלנו? משפט רכילות המבוסס על עדות שמיעה של עדות שמיעה.

מארג ראיות הם קוראים למחדל הזה, ניסיון גרוטסקי להעלות 333 עדים שיסבירו שהם שמעו ממישהו ששמע ממישהו אחר שנתניהו מושחת. אולי אם יצליחו להשחיר מספיק ראיות, לעוות די תמלילים ולמחוק הקלטות מזכות הם יצליחו להפוך עבודת יח""צ שגרתית לעבירה פלילית המספיקה לתרץ הדחת ראש ממשלה מכהן.

מי שעיניו בראשו צריך להבין, נתניהו הוא רק המכשול האחרון בדרך להשלמת ההפיכה המשפטית אותה התחיל אהרון ברק. אם יצליחו להדיח אותו באמצעות תיקים תפורים, מיד תעבור חקיקה שתוודא שתקלה כזו לא תחזור בעתיד הקרוב.

בשנה הקרובה תידרש הממשלה לאשר יועמ""ש, פרקליט מדינה ומספר שופטים לבית המשפט העליון. זהותם תעצב את אופייה של מדינת ישראל בעשור הקרוב לפחות.

לצד המלחמה באיראן גרעינית, זו ללא ספק המלחמה החשובה ביותר של הימין בשנה הקרובה. אם חלילה נפסיד בה בגלל מאבקי אגו או אמביציה אישית, השלכות ההפסד ילוו אותנו שנים רבות אחרי שממשלת 7 המנדטים של בנט וסער תתפרק.

ראו, הוזהרתם.",-,-,-,-,-,692,477,6248,463,6248,5504,484,23,31,141,32,33
UzpfSTI2ODEwODYwMjA3NToxMDE1ODE4NDUyNDg0MjA3Ng==,Benjamin Netanyahu - בנימין נתניהו,https://www.facebook.com/Netanyahu/,2021-04-17 17:04:00,https://www.facebook.com/Netanyahu/posts/10158184524842076,"אתמול ערכנו אזכרה לאבי פרופסור בנציון נתניהו ז״ל, שנפטר בשנת 2012 בגיל 102.

אבא היה היסטוריון דגול של עמנו, העורך הראשי של ‏האנציקלופדיה העברית ומחברם של מחקרים מעמיקים על תולדות העם היהודי, ובראשם ספרו ״מקורות האינקוויזיציה״. 

בשנות העשרים לחייו הוא ערך את עיתון ״הירדן״ בו כתבו בן השאר המשוררים שאול טשרניחובסקי ואורי צבי גרינברג. חיבוריו על אבות האומה - פינסקר, הרצל, נורדאו, זנגוויל וז׳בוטינסקי -התפרסמו בספרו ״אבות הציונות״. 

בסוף שנות ה-30, נסע אבא ללונדון ושיכנע את  ז׳בוטינסקי להעתיק את המאמץ הציבורי שלו להקמת המדינה היהודית מאנגליה לארה״ב.

זמן קצר לאחר הגעתם לארה״ב נפטר ז׳בוטינסקי ואבי היה אחד מנושאי ארונו. אבא המשיך בפעילות ההסברה למען מדינה יהודית וצבא יהודי בקרב הציבור האמריקני במהלך מלחמת העולם השנייה ומיד אחריה. 

הוא קיים פגישות חשובות עם מנהיגים מובילים של ארה״ב, בניהם סנטורים מרכזיים, מ״מ מזכיר המדינה אצ׳יסון וראש המטות המשולבים אייזנהאואר שנבחר לאחר מכן לנשיא ארה״ב.

ההיסטוריון היהודי רפאל מדוף מתעד כיצד ב-1944 הביאו אבי והמשלחת הרוויזיוניסטית שבראשה עמד לכך שהמפלגה הרפובליקנית ובעקבותיה גם המפלגה הדמוקרטית אימצו במצע שלהן את התמיכה בהקמת מדינה יהודית בארץ ישראל. 

בכל פעולותיו המחקריות והציבוריות ליוותה את אבא אמי המופלאה, צילה נתניהו ז״ל, שסייעה לו באין סוף דרכים והקימה יחד איתו את משפחתנו. שניהם נשאו באצילות ובהדר את יגונם בנפול בנם הבכור, אחי יוני ז״ל, ״במבצע יונתן״ לשחרור החטופים באנטבה ב-4 ביולי, 1976. 

במכתב שאחי יוני שלח לי ב-1968 כשהיה בן 22, הוא כתב: ״ככל שאני מרבה לדבר עם אבא, אני מעריך אותו יותר בתור אדם חושב ומחנך. באמת, הוא אדם גדול, ואצורים בו כוחות עצומים בהרבה הרבה תחומים״.

יהי זכרם של הורי היקרים ברוך.",-,-,-,,-,-,Album,-,-,-,-,1900,1786,24986,1478,24986,20380,3561,5,12,800,164,64
UzpfSTI2ODEwODYwMjA3NToxMDE1ODE4MjQ1MjA5MjA3Ng==,Benjamin Netanyahu - בנימין נתניהו,https://www.facebook.com/Netanyahu/,2021-04-16 15:56:47,https://www.facebook.com/Netanyahu/posts/10158182452092076,שבת שלום!,-,-,-,,-,-,-,-,-,-,-,1377,1169,13844,178,13844,11767,1933,6,16,117,1,4
UzpfSTI2ODEwODYwMjA3NToxMDE1ODE4MTg1MzY2MjA3Ng==,Benjamin Netanyahu - בנימין נתניהו,https://www.facebook.com/Netanyahu/,2021-04-16 08:35:44,https://www.facebook.com/Netanyahu/posts/10158181853662076,מזמין אתכם לצפות בסרט מדהים אודות אחי האהוב יוני ז״ל:,-,-,-,,-,-,Share,-,-,https://youtu.be/B5gZpCGCxZU,FOLLOW ME - The YONI NETANYAHU STORY,556,355,7987,627,7987,6557,1134,3,11,224,50,8
UzpfSTI2ODEwODYwMjA3NToxMDE1ODE4MTc3Nzg1MjA3Ng==,Benjamin Netanyahu - בנימין נתניהו,https://www.facebook.com/Netanyahu/,2021-04-16 07:25:56,https://www.facebook.com/Netanyahu/posts/10158181777852076,"דו״ח: ‏״בניגוד לרוח בתקשורת, הפוליטיקאי *הכי מאחד* עובדתית על פי ניתוח יבש של הרשתות החברתיות שברשותו - הוא לא אחר מאשר ראש הממשלה נתניהו״.",-,-,-,,-,-,Photo,-,https://www.facebook.com/Netanyahu/photos/a.10151681566507076/10158181777807076/,-,-,1607,902,7420,569,7420,6156,624,17,552,55,2,14
UzpfSTI2ODEwODYwMjA3NToxMDE1ODE3OTg4MzYzMjA3Ng==,Benjamin Netanyahu - בנימין נתניהו,https://www.facebook.com/Netanyahu/,2021-04-15 12:16:19,https://www.facebook.com/Netanyahu/posts/10158179883632076,תודה מכל אזרחי ישראל!,-,-,-,,-,-,Photo,-,https://www.facebook.com/Netanyahu/photos/a.10151681566507076/10158179883502076/,-,-,583,377,16458,449,16458,14597,1658,10,30,130,3,30
UzpfSTI2ODEwODYwMjA3NToxMDE1ODE3OTgxNzg5MjA3Ng==,Benjamin Netanyahu - בנימין נתניהו,https://www.facebook.com/Netanyahu/,2021-04-15 11:39:41,https://www.facebook.com/Netanyahu/posts/10158179817892076,מטס מדהים! יום עצמאות שמח לכולכם ❤️🇮🇱,-,-,-,,-,-,Album,-,-,-,-,2574,2066,47009,1247,47009,40038,6474,24,38,403,4,28
UzpfSTI2ODEwODYwMjA3NToxMDE1ODE3OTYzOTQ2NzA3Ng==,Benjamin Netanyahu - בנימין נתניהו,https://www.facebook.com/Netanyahu/,2021-04-15 09:14:51,https://www.facebook.com/Netanyahu/posts/10158179639467076,מזל טוב למדינה האהובה שלנו! 🇮🇱💙,-,-,-,,-,-,Photo,-,https://www.facebook.com/Netanyahu/photos/a.10151681566507076/10158179639357076/,-,-,7784,6439,105633,4485,105633,86988,17408,86,126,942,16,67
UzpfSTI2ODEwODYwMjA3NToxMDE1ODE3OTI4NDAzMjA3Ng==,Benjamin Netanyahu - בנימין נתניהו,https://www.facebook.com/Netanyahu/,2021-04-15 04:38:05,https://www.facebook.com/Netanyahu/posts/10158179284032076,"חג עצמאות שמח, ישראל! 🇮🇱🇮🇱🇮🇱

(צילום: קובי גדעון, לע״מ)",-,-,-,,-,-,Album,-,-,-,-,1649,1337,27598,807,27598,23114,4128,24,29,286,4,13
UzpfSTI2ODEwODYwMjA3NToxMDE1ODE3ODIwMzgyNzA3Ng==,Benjamin Netanyahu - בנימין נתניהו,https://www.facebook.com/Netanyahu/,2021-04-14 17:23:19,https://www.facebook.com/Netanyahu/posts/10158178203827076,מזל טוב מדינת ישראל שלנו. אנחנו כל כך אוהבים אותך! 🇮🇱,-,-,-,,-,-,Video,https://www.facebook.com/Netanyahu/videos/483600609498890/,-,-,-,2870,2284,27581,2748,27581,22326,4893,22,42,280,4,14
UzpfSTI2ODEwODYwMjA3NToxMDE1ODE3NzcyMjkwNzA3Ng==,Benjamin Netanyahu - בנימין נתניהו,https://www.facebook.com/Netanyahu/,2021-04-14 12:25:47,https://www.facebook.com/Netanyahu/posts/10158177722907076,"ריגשתם אותי מאוד. תודה רבה לכם ❤️🇮🇱

‏‪https://www.0404.co.il/?p=742950‬",-,-,-,,-,-,Share,-,-,https://www.0404.co.il/?p=742950,"הורים שכולים לרה״מ נתניהו: ״גאים בך, אתה לתפארת מדינת ישראל״ | צפו - 0404",1072,614,13635,695,13635,11452,1944,13,24,180,18,4
UzpfSTI2ODEwODYwMjA3NToxMDE1ODE3NzY3NDY5MjA3Ng==,Benjamin Netanyahu - בנימין נתניהו,https://www.facebook.com/Netanyahu/,2021-04-14 12:06:32,https://www.facebook.com/Netanyahu/posts/10158177674692076,"צפו בנאום שלי בטקס הזיכרון לחללי מערכות ישראל: 

בזכות הנופלים, גיבורי האומה שתמיד איתנו - אנו מציינים 73 שנים של תחייה מחודשת, 73 שנים של בניין האומה, עשייה כבירה, פריחה מופלאה. 73 שנות תוגה, 73 שנות תקומה. יהי זכרם של הנופלים נצור עמנו לעד.",-,-,-,,-,-,Video,https://www.facebook.com/Netanyahu/videos/761004921283798/,-,-,-,436,381,8421,523,8421,7134,1112,12,8,131,24,0
UzpfSTI2ODEwODYwMjA3NToxMDE1ODE3NzQ0NTY4MjA3Ng==,Benjamin Netanyahu - בנימין נתניהו,https://www.facebook.com/Netanyahu/,2021-04-14 09:09:53,https://www.facebook.com/Netanyahu/posts/10158177445682076,"אחי יוני ז״ל, גיבור ישראל, נפל במבצע לשחרור החטופים באנטבה. יוני חי בתוכי כל יום. אני לא מפסיק להתגעגע אליו.",-,-,-,,-,-,Photo,-,https://www.facebook.com/Netanyahu/photos/a.376960237075/10158177445632076/,-,-,3978,3591,61583,1786,61583,43278,6294,19,39,3890,8020,43
UzpfSTI2ODEwODYwMjA3NToxMDE1ODE3NTk0NjU3NzA3Ng==,Benjamin Netanyahu - בנימין נתניהו,https://www.facebook.com/Netanyahu/,2021-04-13 18:23:22,https://www.facebook.com/Netanyahu/posts/10158175946577076,🕯,-,-,-,,-,-,SharePortrait,-,-,https://www.izkor.gov.il/%D7%99%D7%95%D7%A0%D7%AA%D7%9F%20%D7%A0%D7%AA%D7%A0%D7%99%D7%94%D7%95/en_4a11add4aec52da9412c4ab2ae61a285,סגן אלוף יונתן (יוני) נתניהו - אתר יזכור,1692,1455,19871,441,19871,13300,801,4,7,1839,3911,9
UzpfSTI2ODEwODYwMjA3NToxMDE1ODE3NTY5MTY3NzA3Ng==,Benjamin Netanyahu - בנימין נתניהו,https://www.facebook.com/Netanyahu/,2021-04-13 15:59:36,https://www.facebook.com/Netanyahu/posts/10158175691677076,"23,928 חללי מערכות ישראל - כל אחד ואחת מהם מבטא את מחיר התקומה ב-73 שנות עצמאותנו: יהודים וערבים, בדואים ונוצרים, דרוזים וצ'רקסים.

פרח הטיס ליהוא בן-בסה ז""ל נפל לפני חמישה חודשים בתאונת אימון אווירית בצפון הנגב, שבה נהרג לצידו גם רס""ן במילואים איתי זיידן ז""ל. אביו של ליהוא, שלמה בן-בסה, כתב ביגונו המר: ""תשע עשרה שנה, חודשיים ויומיים, חיית על פני האדמה. עוד דקה, רק עוד דקה אחת, הייתי מבקש להיות איתך"". מי מאיתנו לא מזדהה עם המילים הללו בכל נימי נפשו?

כששלמה היה שקוע בכאבו, היטה אליו כתף תומכת ברוך בן יגאל, אביו של לוחם 'גולני', עמית בן יגאל ז""ל. עמית נפל בפעילות מבצעית לפני אחד עשר חודשים. ברוך כתב לשלמה: ""יש לי בקשה אחת אליך מאב שכול לאב שכול – תיאחז בחיים, כי זה מה שהילדים שלנו רוצים"". 

זכרם של חללי מערכות ישראל ופעולות האיבה – חי בליבנו ויחיה בלבנו לעד. יהי זכרם ברוך. 

(צילום: עמוס בן גרשום, לע״מ)",-,-,-,,-,-,Photo,-,https://www.facebook.com/Netanyahu/photos/a.10151681566507076/10158175691552076/,-,-,562,460,18937,686,18937,14671,1230,6,8,455,2555,12
UzpfSTI2ODEwODYwMjA3NToxMDE1ODE3NDk4ODM4NzA3Ng==,Benjamin Netanyahu - בנימין נתניהו,https://www.facebook.com/Netanyahu/,2021-04-13 07:29:49,https://www.facebook.com/Netanyahu/posts/10158174988387076,על קברו של אחי האהוב יוני ז״ל. הוא חסר לי בכל יום.,-,-,-,,-,-,Photo,-,https://www.facebook.com/Netanyahu/photos/a.10151681566507076/10158174988312076/,-,-,4776,4189,61326,1329,61326,41126,2711,22,51,7065,10331,20
UzpfSTI2ODEwODYwMjA3NToxMDE1ODE3MzcyNTkzMjA3Ng==,Benjamin Netanyahu - בנימין נתניהו,https://www.facebook.com/Netanyahu/,2021-04-12 19:05:26,https://www.facebook.com/Netanyahu/posts/10158173725932076,"טענת הפרקליטות, באמצעות העד ישועה, שסרטון ה״נוהרים לקלפיות״ שפורסם בוואלה הוא ״הענות חריגה״ היא רק דוגמה אחת לפייק ניוז שמנסים לייצר. 

מתוך אלפי הידיעות על ראש הממשלה בוואלה, רובן שליליות, ראש הממשלה נחקר על מעורבותו רק בכאלפית מהן. 

לא היתה מעורבות חריגה, ולא היתה היענות חריגה. 

רוצים לראות איך נראה פייק ניוז? קיראו את הציוץ של אראל סגל:",-,-,-,,-,-,Photo,-,https://www.facebook.com/Netanyahu/photos/a.10151681566507076/10158173725867076/,-,-,991,557,6974,724,6974,6665,120,31,81,22,10,45
UzpfSTI2ODEwODYwMjA3NToxMDE1ODE3Mjg1MjE4NzA3Ng==,Benjamin Netanyahu - בנימין נתניהו,https://www.facebook.com/Netanyahu/,2021-04-12 08:20:43,https://www.facebook.com/Netanyahu/posts/10158172852187076,"הרמתי אתמול כוסית לכבוד יום העצמאות עם פורום מטכ״ל של צה״ל, עם אנשי השב״כ והמוסד. אין עליהם! הודיתי להם על המסירות והפעילות מסביב לשעון למען ביטחוננו. כל הכבוד!",-,-,-,,-,-,-,-,-,-,-,632,495,10942,224,10942,9716,1113,7,22,79,1,4
UzpfSTI2ODEwODYwMjA3NToxMDE1ODE3MTYwNzM5MjA3Ng==,Benjamin Netanyahu - בנימין נתניהו,https://www.facebook.com/Netanyahu/,2021-04-11 17:30:08,https://www.facebook.com/Netanyahu/posts/10158171607392076,"בהרמת כוסית לכבוד יום העצמאות עם המוסד, השב״כ וצה״ל. המאבק באיראן וגרורותיה ובהתחמשות האיראנית היא משימה ענקית שבעזרת השם נמשיך להצליח בה בכל הכוח! 🇮🇱💪",-,-,-,,-,-,Video,https://www.facebook.com/Netanyahu/videos/1833078336869718/,-,-,-,997,754,11899,823,11899,10374,1370,16,19,107,2,11
UzpfSTI2ODEwODYwMjA3NToxMDE1ODE2NjYxMzUyNzA3Ng==,Benjamin Netanyahu - בנימין נתניהו,https://www.facebook.com/Netanyahu/,2021-04-09 14:38:13,https://www.facebook.com/Netanyahu/posts/10158166613527076,שבת שלום לכל אזרחי ישראל! ❤️🇮🇱,-,-,-,,-,-,-,-,-,-,-,2319,1953,21880,223,21880,18531,3141,15,24,161,2,6
UzpfSTI2ODEwODYwMjA3NToxMDE1ODE2NTk5NjY2MjA3Ng==,Benjamin Netanyahu - בנימין נתניהו,https://www.facebook.com/Netanyahu/,2021-04-09 06:34:07,https://www.facebook.com/Netanyahu/posts/10158165996662076,💪✌️🇮🇱,-,-,-,,-,-,Share,-,-,https://www.israelhayom.co.il/article/868785,ישראל ניזוקה מהקורונה במידה המועטה ביותר בהשוואה למערב | ישראל היום,463,239,5738,112,5738,5238,416,0,20,55,2,7
UzpfSTI2ODEwODYwMjA3NToxMDE1ODE2NDI0NjM4MjA3Ng==,Benjamin Netanyahu - בנימין נתניהו,https://www.facebook.com/Netanyahu/,2021-04-08 12:17:40,https://www.facebook.com/Netanyahu/posts/10158164246382076,"בטקס ״לכל איש יש שם״ שהתקיים היום בכנסת, סיפרתי על בני משפחתו של חמי האהוב שמואל בן ארצי ז״ל, שנרצחו בשואה.

הנה השמות: 

מבילגוריי שבפולין, שנספתה כולה בשואה: אביו (סבה של אשתי) משה הון (בן זאב הון). אשתו: איטה הון. אחותו התאומה: (של חמי) יהודית בת משה הון, בת 24. שמוליק לא הפסיק לבכות עד יום לפני מותו. האחים: מאיר דוב הון, בן 18. שמעון צבי הון, בן 16. אריה (לייב) הון, בן 13. ואחותו הקטנה: פיסלה הון, בת 10.

מהעיירה טארנוגרוד: דודתו (אחות האבא) – מאטל קניגשטיין ובנה הילל בן יחזקאל ובתה הבכורה, (בת זאב הון). הדוד – מנדל הון, אשתו ושני ילדיהם.

מהעיירה בילגוריי: הדוד אברהם טאובר, אשתו, ביתו ובנו. הדודה רחל טאובר, שלושת בניה: אברהם, יעקב ושלמה, נשותיהם וילדיהם. הדודה הינדה ובעלה יחזקאל. הדודה הנדל, בעלה וילדיהם. הדודה פאלה ושתי בנותיה.

יהי זכרם של כל אחינו ואחיותנו שנספו בשואה חקוק לעד, בנפשנו וזכרוננו.",-,-,-,,-,-,Video,https://www.facebook.com/Netanyahu/videos/286566349791991/,-,-,-,513,349,5138,408,5138,4271,448,5,7,81,320,6
UzpfSTI2ODEwODYwMjA3NToxMDE1ODE2NDAwMTQxMjA3Ng==,Benjamin Netanyahu - בנימין נתניהו,https://www.facebook.com/Netanyahu/,2021-04-08 10:11:08,https://www.facebook.com/Netanyahu/posts/10158164001412076,"התרגשתי עמוקות מסיפורה של בֶּלָה פְרוֹינְד מירושלים, בת להורים שעברו את השואה. 

אביה של בֶּלָה נמלט כנער מפולין לסיביר, ולחם בשורות 'הצבא האדום' נגד הנאצים. 

אִמה נשלחה לאושוויץ-בירקנאו, ובהמשך לברגן-בלזן. בבירקנאו היא ניצבה לפני מלאך המוות, מֶנְגֶלֶה, שְבִּיצָע בה ניסויים רפואיים מחרידים. למרות הכל הַאֵם והאב שרדו, והקימו משפחה בישראל. 

לפני חודשיים, בֶּלָה ראתה בשוק מחנה יהודה בירושלים ניידת מד״א שהגיעה לחסן את העוברים והשבים. 

גל של אימה הציף אותה. המחשבה על דקירת המזרק החזירה אותה אל הטראומה המשפחתית – אל אִמָה חסרת-האונים, שהשטן שולח את ידו לגופה השברירי. 

אבל במחנה יהודה, בֶּלָה נתקלה לא במלאך המוות, אלא במלאך מסוג אחר. הפרמדיק פָאדִי דְקֶדֶק ממזרח ירושלים ראה את הלבטים המייסרים שלה, הקשיב לסיפורה, ואמר לה: ""בֶּלָה, אל תחששי. לא יקרה לך כלום. אני בעצמי אחסן אותך"". 

למרות הטראומה שהייתה טבועה בה, בלה התחסנה בהצלחה - בזכות פָאדִי. 

רְאוּ מה יש כאן: משקעי השואה, אישה ממשפחה חרדית, פרמדיק ערבי-ישראלי ויציאה מהקורונה לחיים של תקווה.
 
הסיפור של בֶּלָה וּפָאדִי הוא סמל לתקווה החדשה באזורנו – תקווה שמשתקפת בהסכמי-השלום ההיסטוריים שהשגנו בשנה האחרונה עם מדינות ערב. 

תקווה שמתבטאת בשינוי עצום שמתחולל בעולם הערבי ביחס לישראל, וגם ביחס לשואה. אמש התקיים במוזיאון בדובאי אירוע-זיכרון לקורבנות השואה. מי היה מאמין. 

אלה סממנים של שינוי מבורך ביחסים ההדדיים בין יהודים וערבים – מחוץ לישראל, וגם בתוך המדינה.

(בתמונה — אמש בטקס ביד ושם יחד עם הפרמדיק פאדי שממשיך להציל חיים)",-,-,-,,-,-,Photo,-,https://www.facebook.com/Netanyahu/photos/a.10151681566507076/10158164001357076/,-,-,244,164,4827,138,4827,4307,404,2,3,90,11,10
UzpfSTI2ODEwODYwMjA3NToxMDE1ODE2Mzg0NzI2NzA3Ng==,Benjamin Netanyahu - בנימין נתניהו,https://www.facebook.com/Netanyahu/,2021-04-08 08:04:07,https://www.facebook.com/Netanyahu/posts/10158163847267076,-,UzpfSTE0MjIwNzY1ODA6MTAyMjc3ODAxMjExNTQ3OTU=,Yair Netanyahu,https://www.facebook.com/yair.netan,2021-04-08 07:48:40,https://www.facebook.com/yair.netan/posts/10227780121154795,"English below 

במסע עם אמי ואחי לפני כמה שנים בפולין בעקבות נקודות בחייו של סבא שלי שמואל בן ארצי (הון) , הגענו בין היתר לעיירה הקטנה טרנוגרוד, העיירה של סבא וסבתא של סבא. 
כמעט כל העיירה נשרפה במלחמה, אך המבנה היחיד ששרד הוא בית הכנסת שעדיין עומד על תילו ומשמש כיום כספרייה . סבא שלי תמיד סיפר איך היה נוסע בקיצים בכרכרה לבלות את הקיץ עם סבא וסבתא בחווה בטרנגורד, ואיך היה נכנס תחת הטלית של סבא זאב (שם מלא: זאב וולף הון ) בבית הכנסת. 
עד היום ניתן לראות את העיטורים של ארון הקודש של בית הכנסת. שימו לב בתמונה ניתן לראות חורי כדורים בארון הקודש. זאת משום שהנאצים הפכו את בית הכנסת לאורווה והיו יורים על הארון מתוך שעמום. 
לאחר הביקור המרגש בבית הכנסת, ביקרנו באנדרטה ביער במקום המדוייק בו הוציאו להורג את כל יהודי העיירה (ראו בתמונות), ויחד עמם סבא זאב, סביו של סבא שלי. 
פגשנו שם פולני זקן אשר היה עד לרצח יהודי העיירה ביער בהיותו ילד. הוא אמר שלא ישכח לעולם את מראה הילדות הקטנות הנאחזות באמם ומתחננות על חייהן, ואת הרעש של מכונות הירייה. הפולני אף סיפר לנו שזיהה במוצאים להורג ביער בני משפחת הון אשר הכיר מהעיירה.
יהיה זכרם של  סבא זאב וולף הון, יהודי טרנגוד , יהודי פולין וכל ששת המליונים נצור בליבנו תמיד. 🕯

‏Holocaust Memorial Day: In a journey to Poland  with my brother and mother, following the footsteps of my grandfather Shmuel Ben Artzi (Hun), we arrived to the little town of Tarnogrod, the village of my grandfather grandparents. 
‏Almost all the village was burnt down in the war, except of the village’s synagogue, that still stand and is being used today as a library. My grandfather loved recalling his summer trips to his grandparents in Tarnogrod, traveling there with a chariot. 
‏He recalls how as a little kid he would hide underneath his grandfather’s (Wolf Hun) Talith in the synagogue. 
‏You can still see the the beautiful decorations on the “Torah Ark”, the place where you keep the Bible in the synagogue. 
‏Notice the bullet holes in the Torah Ark,  that’s because the Nazis turned the synagogue into a stable, and would shoot on the walls when they were bored. 
‏After the visit to the synagogue, we carried on to the monument in the middle of the forest, that’s stands in the exact spot where the nazis murdered all the Jews of the town, including my grandfather’s grandfather Wolf Hun . We met there an old Polish man, 
‏Who witness the execution of the town Jews, as a kid. 
‏He said he will never forget the sight of the little girls holding on to their mothers, begging for their lives, and the horrible sound of the machine guns. 
‏The old Polish man even said to us he recognized members of the Hun family amongst the people executed, who he knew from town. 
‏May the memory of wolf Hun, Jews of Tarnogrod, Jews of Poland, and all 6 million Jews be a blessing. 🕯",-,-,-,-,-,201,154,4281,144,4281,3632,362,3,2,201,77,4
UzpfSTI2ODEwODYwMjA3NToxMDE1ODE2MjcxMTMzNzA3Ng==,Benjamin Netanyahu - בנימין נתניהו,https://www.facebook.com/Netanyahu/,2021-04-07 18:17:30,https://www.facebook.com/Netanyahu/posts/10158162711337076,"גם לידידינו הטובים ביותר, אני אומר: שלא תהיה שום טעות: הסכם עם איראן שיסלול את דרכה לנשק גרעיני – נשק שמאיים עלינו בהשמדה – הסכם כזה לא יחייב אותנו כהוא זה. 

יש רק דבר אחד שיחייב אותנו: למנוע ממי שחותר להשמידנו לבצע את זממו. 

בזמן השואה לא היו לנו – לא הכוח להגן על עצמנו, וגם לא הזכות הריבונית להגן על עצמנו. היינו חסרי זכויות, חסרי מדינה, חסרי מגן. 

היום יש לנו מדינה, יש לנו כוח מגן, ויש לנו הזכות הטבעית והמלאה כמדינתו הריבונית של העם היהודי להגן על עצמנו מפני אויבינו.

(צילום: ראובן קסטרו)",-,-,-,,-,-,Photo,-,https://www.facebook.com/Netanyahu/photos/a.10151681566507076/10158162711072076/,-,-,2410,1387,19829,1391,19829,17002,2467,30,28,269,20,13
UzpfSTI2ODEwODYwMjA3NTo0ODY4ODUxOTYwMTIzNTk=,Benjamin Netanyahu - בנימין נתניהו,https://www.facebook.com/Netanyahu/,2021-04-07 17:25:56,https://www.facebook.com/Netanyahu/videos/486885196012359/,שידור חי של נאום ראש הממשלה בעצרת המרכזית לציון יום היזכרון לשואה ולגבורה ביד ושם >>,-,-,-,,-,-,Video,https://www.facebook.com/Netanyahu/videos/486885196012359/,-,-,-,2618,2301,7784,1566,7784,5528,1920,31,12,204,75,14
UzpfSTI2ODEwODYwMjA3NToxMDE1ODE2MjYwNDY2NzA3Ng==,Benjamin Netanyahu - בנימין נתניהו,https://www.facebook.com/Netanyahu/,2021-04-07 17:17:20,https://www.facebook.com/Netanyahu/posts/10158162604667076,"עם ישראל מתייחד הערב עם זכרם של אחינו ואחיותינו שנרצחו בשואה הנוראה. 

אני ומשפחתי מתייחדים עם זכרם של בני משפחתו של חמי האהוב, שמואל בן ארצי ז""ל למשפחת הון מבילגוריי, פולין: אביו משה, אחותו התאומה יהודית, שאר האחים פייסלה, אריה, שמעון צבי, מאיר דוב ושאר בני המשפחה  – שנרצחו על ידי הנאצים בתקופת השואה. 

יהי זכר אחינו ואחיותינו, קורבנות השואה, ברוך ונצור בליבנו לעולם.",-,-,-,,-,-,Album,-,-,-,-,463,337,9689,488,9689,8035,927,7,7,262,445,6
UzpfSTI2ODEwODYwMjA3NToxMDE1ODE2MjUxNjU0MjA3Ng==,Benjamin Netanyahu - בנימין נתניהו,https://www.facebook.com/Netanyahu/,2021-04-07 16:30:03,https://www.facebook.com/Netanyahu/posts/10158162516542076,"מיליון וחצי ישראלים וישראליות מארחים ומתארחים הערב באירועי ״זיכרון בסלון״  בארץ ובעולם — מפגשים שכבר הפכו למסורת בשנים האחרונות בדומה לליל הסדר.

 אני מצדיע לכל המארחים שפותחים את ביתם, על לקיחת האחריות האישית על זכרון השואה ומאחל לכם מפגש מרגש, מוצלח, ומלא משמעות.

נזכור ולא נשכח.

זיכרון בסלון - Zikaron BaSalon",-,-,-,,-,-,Album,-,-,-,-,168,126,4344,234,4344,4007,197,4,2,104,26,4
UzpfSTI2ODEwODYwMjA3NToxMDE1ODE2MjQ4OTA2NzA3Ng==,Benjamin Netanyahu - בנימין נתניהו,https://www.facebook.com/Netanyahu/,2021-04-07 16:13:00,https://www.facebook.com/Netanyahu/posts/10158162489067076,ערב יום הזיכרון לשואה ולגבורה. תמיד נזכור ולא נשכח.,-,-,-,,-,-,Photo,-,https://www.facebook.com/Netanyahu/photos/a.376960237075/10158162488427076/,-,-,339,293,9607,784,9607,7808,291,7,2,174,1324,1
UzpfSTI2ODEwODYwMjA3NToxMDE1ODE2MDIwNTE3MjA3Ng==,Benjamin Netanyahu - בנימין נתניהו,https://www.facebook.com/Netanyahu/,2021-04-06 16:10:23,https://www.facebook.com/Netanyahu/posts/10158160205172076,"היום הטיל עליי את נשיא המדינה את מלאכת הרכבת הממשלה. זה הוטל עליי בזכות למעלה ממיליון מצביעי ליכוד ששוב ביססו את מעמדו של הליכוד כמפלגה הגדולה ביותר, בפער עצום מול כל מפלגה אחרת, ומול מיליון אזרחי נוספים שהצביעו למפלגות אחרות ורצו בבירור שנמשיך להנהיג את ישראל. 

אעשה יחד איתכם כל מאמץ להצדיק את בחירתכם ולהוציא את ישראל ממעגל של בחירות. 

נקים ממשלה חזקה — לא ממשלת שיתוק, אלא ממשלת פעולה שתדאג לכל אזרחי ישראל! 🇮🇱🇮🇱🇮🇱",-,-,-,,-,-,Photo,-,https://www.facebook.com/Netanyahu/photos/a.10151681566507076/10158160205017076/,-,-,3739,2886,21728,818,21728,18293,3058,33,82,224,22,16
UzpfSTI2ODEwODYwMjA3NTozMzU3MTExNDQ1NTU0NDI=,Benjamin Netanyahu - בנימין נתניהו,https://www.facebook.com/Netanyahu/,2021-04-06 15:04:39,https://www.facebook.com/Netanyahu/videos/335711144555442/,הצטרפו אליי בשידור חי מישיבת סיעת הליכוד בכנסת,-,-,-,,-,-,Video,https://www.facebook.com/Netanyahu/videos/335711144555442/,-,-,-,5106,4977,14842,2265,14842,10605,3848,73,51,207,25,33
UzpfSTI2ODEwODYwMjA3NToxMDE1ODE1OTk3NDM4MjA3Ng==,Benjamin Netanyahu - בנימין נתניהו,https://www.facebook.com/Netanyahu/,2021-04-06 14:00:45,https://www.facebook.com/Netanyahu/posts/10158159974382076,"שרה ואני נפגשנו עם שורדי השואה שידליקו השבוע את משואות הזיכרון בעצרת יום הזיכרון לשואה ולגבורה. מאוד התרגשנו לשמוע את הסיפורים האישיים שלהם, על מה שהם איבדו בשואה ואת מה שהם בנו בתקומה - כאן במדינת ישראל. אני מצדיע להם בשם כל אזרחי ישראל! 

(צילום: עמוס בן גרשום, לע״מ)",-,-,-,,-,-,Photo,-,https://www.facebook.com/Netanyahu/photos/a.10151681566507076/10158159974227076/,-,-,604,486,10426,513,10426,8870,1300,15,15,206,12,8
UzpfSTI2ODEwODYwMjA3NToxMDE1ODE1OTgzOTg5MjA3Ng==,Benjamin Netanyahu - בנימין נתניהו,https://www.facebook.com/Netanyahu/,2021-04-06 12:44:03,https://www.facebook.com/Netanyahu/posts/10158159839892076,עוד חדשות טובות לכלכלת ישראל ולמדיניות הכלכלית שאנו מובילים. נמשיך להזניק את הכלכלה ולדאוג לכל אזרחי ישראל 🇮🇱💪,-,-,-,,-,-,Photo,-,https://www.facebook.com/Netanyahu/photos/a.10151681566507076/10158159839762076/,-,-,527,447,7801,688,7801,6900,787,7,17,69,3,18
UzpfSTI2ODEwODYwMjA3NToxMDE1ODE1OTU3NTgxMjA3Ng==,Benjamin Netanyahu - בנימין נתניהו,https://www.facebook.com/Netanyahu/,2021-04-06 10:00:40,https://www.facebook.com/Netanyahu/posts/10158159575812076,שווה לקרוא —,UzpfSTEwMDAwOTAzOTY0MDEyODoyNzU1MzYwNTA0Nzc1MjQ0,טל אור טסונה,https://www.facebook.com/TalOr314,2021-04-06 09:56:44,https://www.facebook.com/TalOr314/posts/2755360504775244,"אובססיה, קווים לדמותה:

כשבנימין נתניהו רצה להשיג חיסונים לאזרחי ישראל, הוא התקשר לנשיא פייזר 30 פעמים תוך מספר ימים, כולל בשלוש בלילה! הוא לא עצר עד שווידא שישראל תהיה המדינה הראשונה לחזור לחיים - כך נראית אובססיה.

על פי הפרקליטות עצמה, לאורך 4 שנים פנה נתניהו לשאול אלוביץ 10 פעמים בלבד. האירוניה שגם היא משתמשת במילה ""אובססיה"".

רוצים להבין עד כמה הטענה הזו הזויה, מופרכת, נוגדת כל היגיון? קבלו:

10,000 אייטמים בארבע שנים פורסמו על נתניהו ומשפחתו באתר וואלה. 

315 אייטמים בלבד כוללים רפרנס חיובי, כלומר על פי הפרקליטות עצמה מדובר בערך ב-3% מהאייטמים שפורסמו.

150 אייטמים, 1.5% זה המספר שהפרקליטות טוענת על איזושהי מעורבות מצד נתניהו, מדובר בניחוש שכן הפרקליטות כלל לא טרחה לשמוע את גרסתו לגבי רובם.

10 פעמים בלבד לאורך 4 שנים על פי גרסת הפרקליטות, זו כמות הפעמים שנתניהו ייצר קשר עם שאול אלוביץ. כלומר 0.1%(!) אלפית מסך האייטמים שפורסמו באתר.

על רובם המוחלט של האייטמים אשר הפרקליטות הגישה לבית המשפט נתניהו כלל לא נחקר. היא פשוט שיערה מה ראש הממשלה יענה. כנראה שהיה לה מאוד דחוף להספיק להשפיע על הבחירות.

איך שלא תהפכו את זה, 0.001 מהאייטמים, עשר פניות בארבע שנים זו אינה אובססיה ובטח שלא ""היענות חריגה"". אם יש אובססיה היא של הפרקליטות שמנסה בכל דרך לתפור תיקים לראש ממשלה.

עם כאלו מספרים, במקום כתב אישום היו צריכים להנפיק לו תעודת יושר.",-,-,-,-,-,682,523,9142,668,9142,7920,983,18,40,150,14,17
UzpfSTI2ODEwODYwMjA3NToxMDE1ODE1OTQxMzg5NzA3Ng==,Benjamin Netanyahu - בנימין נתניהו,https://www.facebook.com/Netanyahu/,2021-04-06 06:55:41,https://www.facebook.com/Netanyahu/posts/10158159413897076,"הגעתי להצדיע לגבורתם של לוחמי האצ״ל שנפלו במערכה על יפו. בזכות אומץ ליבם, בזכות הקרבתם, אנחנו פה. יהי זכרם ברוך 🇮🇱🙏🏻

(צילום: חיים צח, לע״מ)",-,-,-,,-,-,Photo,-,https://www.facebook.com/Netanyahu/photos/a.10151681566507076/10158159413837076/,-,-,557,425,9231,366,9231,8093,995,8,12,103,13,7
UzpfSTI2ODEwODYwMjA3NToxMDE1ODE1ODYwNTc3NzA3Ng==,Benjamin Netanyahu - בנימין נתניהו,https://www.facebook.com/Netanyahu/,2021-04-05 20:58:05,https://www.facebook.com/Netanyahu/posts/10158158605777076,תודה על התמיכה האדירה שלכם! ❤️🇮🇱💪,-,-,-,,-,-,-,-,-,-,-,4023,3032,36236,467,36236,29701,6054,20,71,370,7,13
UzpfSTI2ODEwODYwMjA3NToxMDE1ODE1ODA1MjA2MjA3Ng==,Benjamin Netanyahu - בנימין נתניהו,https://www.facebook.com/Netanyahu/,2021-04-05 15:38:12,https://www.facebook.com/Netanyahu/posts/10158158052062076,"אני זועק את הדברים האלה מדם ליבי. אני אומר אותם בכאב עמוק.

כשמפכ״ל המשטרה לשעבר מעליל עליי ששלחתי חוקרים פרטיים נגד חוקרי המשטרה,
 
כשמי שמוביל את החקירות נגדי מעליל עליי ששלחתי קצינה להתלונן נגדו על הטרדה מינית,
 
כשמנהלים מעקבים בניגוד לחוק וללא כל סיבה אחרי הבן שלי, כשבאים לצוד אותו, לא כי הוא עשה משהו – אלא רק משום שהוא הבן שלי,
 
כשעורכים מסע-ציד נגדי ונגדמשפחתי,
 
כשמחפשים את האדם, ולא את העבירה - זה קשה מאוד.
 
איני יכול להבליג, ולכן אני אומר את הדברים!
**
 
את הכוחות לעמוד במערכה הזאת אני שואב מתחושת השליחות ההיסטורית, מתחושת הצדק אל מול העוול, מהתמיכה ומהאהבה של משפחתי שסובלת כל כך הרבה, ומהתמיכה שלכם אזרחי ישראל.
 
אמשיך לפעול למען המדינה שלנו, מתוך שליחות עמוקה.

תודה לכם – רבים-רבים מאזרחי ישראל, על התמיכה והאמון הכבירים שאתם נותנים בי.
 
תודה לכולכם ❤️🇮🇱",-,-,-,,-,-,Photo,-,https://www.facebook.com/Netanyahu/photos/a.10151681566507076/10158158051967076/,-,-,12614,9640,59294,4218,59294,47028,10421,165,425,1081,127,47
UzpfSTI2ODEwODYwMjA3NToxNDI0NTk2OTcxMjA5MzAw,Benjamin Netanyahu - בנימין נתניהו,https://www.facebook.com/Netanyahu/,2021-04-05 14:38:06,https://www.facebook.com/Netanyahu/videos/1424596971209300/,הצהרה מיוחדת של ראש הממשלה נתניהו. שידור חי,-,-,-,,-,-,Video,https://www.facebook.com/Netanyahu/videos/1424596971209300/,-,-,-,8201,7543,16332,3319,16332,10456,5250,95,99,339,48,45
UzpfSTI2ODEwODYwMjA3NToxMDE1ODE1NzU1NjY1MjA3Ng==,Benjamin Netanyahu - בנימין נתניהו,https://www.facebook.com/Netanyahu/,2021-04-05 10:21:43,https://www.facebook.com/Netanyahu/posts/10158157556652076,העובדות:,-,-,-,,-,-,Share,-,-,https://mida.org.il/2018/02/27/%D7%94%D7%A2%D7%95%D7%91%D7%93%D7%95%D7%AA-%D7%9E%D7%95%D7%9B%D7%99%D7%97%D7%95%D7%AA-%D7%90%D7%AA%D7%A8-%D7%95%D7%95%D7%90%D7%9C%D7%94-%D7%9C%D7%90-%D7%94%D7%A2%D7%A0%D7%99%D7%A7-%D7%A1%D7%99/,העובדות מוכיחות: אתר 'וואלה' לא העניק סיקור אוהד לנתניהו,1116,660,6994,596,6994,6314,503,17,99,48,3,10
UzpfSTI2ODEwODYwMjA3NToxMDE1ODE1NzM4MzI4NzA3Ng==,Benjamin Netanyahu - בנימין נתניהו,https://www.facebook.com/Netanyahu/,2021-04-05 08:08:51,https://www.facebook.com/Netanyahu/posts/10158157383287076,תודה ❤️,UzpfSTEwMDAwMzUzNjA5Mzk3NjpWSzozNjM5NzQwNDE2MTUzNzky,Galit Distal Atbaryan,https://www.facebook.com/galit.distalatbaryan,2021-04-05 06:17:46,https://www.facebook.com/galit.distalatbaryan/videos/3639740416153792/,-,-,-,-,-,-,319,251,7992,537,7992,6703,1151,10,30,88,2,8
UzpfSTI2ODEwODYwMjA3NToxMDE1ODE1NjA1Mzc1MjA3Ng==,Benjamin Netanyahu - בנימין נתניהו,https://www.facebook.com/Netanyahu/,2021-04-04 17:30:28,https://www.facebook.com/Netanyahu/posts/10158156053752076,שתפו!,-,-,-,,-,-,Photo,-,https://www.facebook.com/Netanyahu/photos/a.10151681566507076/10158156053582076/,-,-,1684,901,12947,3130,12947,12127,388,60,219,58,57,38
UzpfSTI2ODEwODYwMjA3NToxMDE1ODE1NTg4Nzc3NzA3Ng==,Benjamin Netanyahu - בנימין נתניהו,https://www.facebook.com/Netanyahu/,2021-04-04 15:52:30,https://www.facebook.com/Netanyahu/posts/10158155887777076,Happy Easter from Jerusalem to all our Christian friends around the world!,-,-,-,,-,-,Photo,-,https://www.facebook.com/Netanyahu/photos/a.376960237075/10158155887587076/,-,-,996,883,10635,736,10635,8498,1917,6,10,196,3,5
UzpfSTI2ODEwODYwMjA3NToxMDE1ODE1NTY0NjE5MjA3Ng==,Benjamin Netanyahu - בנימין נתניהו,https://www.facebook.com/Netanyahu/,2021-04-04 14:00:01,https://www.facebook.com/Netanyahu/posts/10158155646192076,"ארתור פרגסון, מומחה משפטי בינלאומי ולשעבר תובע פדרלי בארה״ב: ״נתניהו הוא קורבן של הפיכה משפטית״.

צפו בתוכנית המלאה ששודרה ברשת הטלוויזיה פוקס ניוז, שמפריכה את כל התיקים התפורים נגד ראש הממשלה נתניהו.",-,-,-,,-,-,Video,https://www.facebook.com/Netanyahu/videos/441685850230658/,-,-,-,1225,876,11663,5498,11663,10256,1010,69,92,118,38,80
UzpfSTI2ODEwODYwMjA3NToxMDE1ODE1NTUzNzgzMjA3Ng==,Benjamin Netanyahu - בנימין נתניהו,https://www.facebook.com/Netanyahu/,2021-04-04 12:52:09,https://www.facebook.com/Netanyahu/posts/10158155537832076,-,UzpfSTEwMDAwOTAzOTY0MDEyODoyNzUyNDcwMTkxNzMwOTQy,טל אור טסונה,https://www.facebook.com/TalOr314,2021-04-02 13:13:03,https://www.facebook.com/TalOr314/posts/2752470191730942,"עשר נקודות שכל אזרח בישראל חייב לדעת על משפט נתניהו:

1- ניצב רוני ריטמן, ראש צוות החקירה אשר שמו נקשר בפרשת תקיפה מינית והיה משוכנע כי נתניהו שלח את הקורבן להתלונן נגדו, הוא זה שהוביל את החקירות נגד נתניהו. חקירות שנפתחו בניגוד לחוק וללא אישור וליווי היועץ המשפטי לממשלה.

2- עד המדינה ניר חפץ מחזיק בשיא ישראל להארכות מעצר על עבירות צווארון לבן. במהלך החקירות הוא הוחזק בחדר מלא פשפשים, הורעב, נמנעה ממנו שינה וטיפול רפואי. לבסוף הוא נשבר לאחר שהמשטרה הביאה לחקירה אזרחית חפה מפשע על מנת לאותת לניר חפץ כי יהרסו את חייו האישיים אם לא ישתף פעולה.

3- לאחר שנשבר, ניר חפץ מסר גרסה למשטרה המפלילה לכאורה את נתניהו. בדיקה מהירה העלתה כי הגרסה לא יכלה להתקיים במציאות ומדובר בעלילה. ניר חפץ החליף גרסה, גם גרסה זו לא עמדה במבחן המציאות. בשלב הזה החוקר הפסיק את ההקלטת ניר חפץ ויצא לטייל איתו שעה בחצר. כשחזרו נמסרה גרסה שלישית עם תאריכים ועדויות שהתאימו בול לתזה אותה ניסתה המשטרה לבנות.

4- האישום בתיק 1000 הוא על קבלת מתנות בהיקף חריג (מותר לקבל מתנות, אך הפרקליטות מנסה ליצור את הרושם כי ההיקף לא סביר). הפרקליטות מסרה לבית המשפט סכום של מאות אלפי שקלים על שמפניות וסיגרים שנתניהו לכאורה קיבל.

רק כאשר האישום הגיע לבית המשפט התברר שאין בסיס לסכום אותו מסרה הפרקליטות ולמעשה הפרקליטות ""ניחשה"" את הסכום. אין תעוד, אין רישום ואין ראיות לקבלת מתנות בהיקפים האלו. באותה מידה שהפרקליטות ניחשה את המספר הזה היא יכלה לנחש סכום כפול או מחצית מהסכום.

5- האישום בתיק 2000 הוא על עבירה שלא קיימת בספר החוקים והומצאה במיוחד עבור נתניהו. נוני מוזס הציע לנתניהו שוחד ואיים עליו כי יפגע בו במידה ויסרב לקבלת השוחד.

נתניהו הקליט את נוני מוזס מציע את השוחד ואז סרב לקבל אותו. תאמינו או לא, נתניהו מואשם בכך שהפר את אמונו של נוני מוזס אשר האמין לתומו כי יש סיכוי שנתניהו יסכים לקבל את ההצעה, ובכך יצר נתניהו נתניהו ""מסר לא חינוכי לציבור"" ששוחד הוא דבר לגיטימי.

עד כמה זה מגוחך? תחשבו שבאים לסחוט מכם פרוטקשיין, אתם מקליטים את הסוחט מאיים עליכם ואז הפרקליטות מגישה נגדכם כתב אישום על כך שהפרתם את אמונו של זה שניסה לסחוט אתכם ובכך היוותם דוגמה שלילית לציבור כולו.
 
6- רפ""ק אבי רוטנברג הוא בן הזוג של ג'ודי ניר מוזס, אחותו של נוני מוזס הנאשם שהציע לנתניהו שוחד בתיק 2000. הוא היה חלק מצוות להב 433 אשר חקר את נתניהו והיתה לו גישה מלאה לחומרי החקירה ואף השפעה על צוות החוקרים, ניגוד עניינים חמור וקיצוני.

באחת הפעמים התבטא ניגוד העניינים כאשר סבטלנה גורדצקי העובדת כמנקה במעון ראש הממשלה הגיעה לתחנת המשטרה להתלונן על הטרדה מינית מצד מני נפתלי. אבי רוטנברג (בן הזוג של ג'ודי) חקר אותה ואיים שאם היא לא תעליל על נתניהו שהוא זה אשר שלח אותה להתלונן, הוא יכניס אותה לכלא. משסרבה להעליל על נתניהו, אבי העיף אותה לקיבינימט והתלונה נסגרה.

7- גם האישום בתיק 4000 לא קיים בספר החוקים של ישראל. נתניהו מואשם כי ""פתח דלת בוואלה"". אישום שהחל כאישום תקדימי על סיקור אוהד אך בוטל לאחר שלא נמצא סיקור אוהד בשום מקום. התזה של הפרקליטות היא שנתניהו אישר הטבות רגולטוריות במילארדים כדי שאולי בעוד מספר שנים הבעלים של וואלה יכתוב עליו כתבה מפרגנת.

חשוב לציין שבנימין נתניהו חתם על אישור מיזוג בזק-יס רק לאחר שכל צמרת משרד התקשורת חתמה על האישור. בין השאר חתמו גם היומע""ש וגם רוני אלשייך שהיה אז סגן ראש השב""כ ולימים התמנה למפכ""ל המשטרה שחקרה את נתניהו על עסקה שהוא בעצמו חתום על כשירותה.

8- את האישום בתיק 4000 ביססה הפרקליטות באמצעות הקלטות של מנכ""ל וואלה. לאחר בדיקה קצרה התגלה כי מספר הקלטות נמחקו. רק לאחר התערבות בית המשפט העליון הסכימה הפרקליטות לתת לעורכי הדין גישה להקלטות ואז הסתבר שבהקלטות שנמחקו מנכ""ל וואלה מתבקש באופן ברור לתת סיקור מאוזן, ובשום פנים ואופן לא סיקור אוהד לנתניהו.

9- זוכרים את השופטת המופתעת שמאריכה מעצרים באמצעות מסרונים בעודה נקרעת מצחוק עם הפרקליטות על כישורי המשחק שלה? ובכן, המעצרים שהוארכו היו בתיק 4000. תנסו לחשוב שאתם במעצר בלתי נגמר ויש שופטת אשר מאריכה לכם את המעצר שוב ושוב ושוב מבלי לשמוע אתכם או את הסנגור שלכם. כך בדיוק שוברים אנשים להעליל עדויות שקר על ראש ממשלה.

10- יומיים לפני הבחירות נסגרה החקירה של ראש לשכת עורכי הדין אפי נווה. הטלפון של אפי נווה נגנב ונפרץ, הפרקליט הראשי שי ניצן אישר להשתמש בחומר שנגנב והחקירה היתה בדרך לכתב אישום.

בשלב הזה אפי נווה שחרר הקלטה בה נשמע היועץ המשפטי מנדלבליט מתלונן ששי ניצן אוחז אותו בגרונו וסוחט אותו. נזכיר שהיועץ המשפטי היה היחיד שמוסמך לאשר את החקירה נגד ראש הממשלה ולהגיש אישומים.

לאחר הפצת ההקלטה, הישיר אפי נווה מבט למצלמה ואיים באופן הברור ביותר: אם אתם ממשיכים עם החקירה אני תופר את כולכם, אני חושף את הריקבון שקיים בפרקליטות, במשטרה, במערכת המשפט ובמשרד היועץ המשפטי לממשלה, ראו הוזהרתם!

מעט לאחר האיום הפרקליטות התקפלה והתיק נגד אפי נווה נסגר. אפשר רק לנחש שהסיבה שהוא נסגר יומיים לפני הבחירות הוא איום כי אם החקירה לא תיסגר מאופן מיידי, יצאו הקלטות נוספות שיחשפו כי התיקים נגד נתניהו היו תפורים ויובילו לזכייתו בבחירות.

אלו רק עשר נקודות, יש עוד הרבה. אך אם כך נראית חקירה של ראש ממשלה, ניתן רק לשער כיצד נראית חקירה של כל אזרח אחר אשר הפרקליטות רוצה בהרשעתו.",-,-,-,-,-,854,639,7179,991,7179,6144,597,82,38,70,66,182
UzpfSTI2ODEwODYwMjA3NToxMDE1ODE1NTQ0NzAxNzA3Ng==,Benjamin Netanyahu - בנימין נתניהו,https://www.facebook.com/Netanyahu/,2021-04-04 11:46:45,https://www.facebook.com/Netanyahu/posts/10158155447017076,"שתי כותרות - 
מה קורה בעולם 
ומה קורה אצלנו 🇮🇱💪",-,-,-,,-,-,Photo,-,https://www.facebook.com/Netanyahu/photos/a.10151681566507076/10158155446942076/,-,-,1137,779,9760,497,9760,8809,774,4,30,86,20,37
UzpfSTI2ODEwODYwMjA3NToxMDE1ODE1NTMyNDUxNzA3Ng==,Benjamin Netanyahu - בנימין נתניהו,https://www.facebook.com/Netanyahu/,2021-04-04 10:02:00,https://www.facebook.com/Netanyahu/posts/10158155324517076,קיראו ושתפו >>,-,-,-,,-,-,Share,-,-,https://bit.ly/39EHvvR,"קיצור תולדות המחדלים: כל הכשלים בתיקי 1000, 2000 ו-4000",674,449,5769,1105,5769,5464,173,33,20,42,15,22
UzpfSTI2ODEwODYwMjA3NToxMDE1ODE1Mzk5ODc4NzA3Ng==,Benjamin Netanyahu - בנימין נתניהו,https://www.facebook.com/Netanyahu/,2021-04-03 19:15:21,https://www.facebook.com/Netanyahu/posts/10158153998787076,תרבחו ותסעדו! חג שמח!,-,-,-,,-,-,Photo,-,https://www.facebook.com/Netanyahu/photos/a.10151681566507076/10158153998607076/,-,-,3007,2290,56981,1442,56981,50000,6197,39,127,406,11,201
UzpfSTI2ODEwODYwMjA3NToxMDE1ODE1Mzk3NTY2NzA3Ng==,Benjamin Netanyahu - בנימין נתניהו,https://www.facebook.com/Netanyahu/,2021-04-03 19:00:24,https://www.facebook.com/Netanyahu/posts/10158153975667076,"המאבק על המולדת ועל ארץ ישראל לא מסתיים. המאבק על ההתיישבות לא מסתיים. המאבק על הזכות שלנו להגן על עצמנו. המאבק נגד איראן. מול האתגרים הללו ומול ההזדמנויות הכבירות שיש בפנינו, צריך עכשיו ממשלת ימין יציבה לאורך שנים שתדאג לכל אזרחי ישראל. בעזרת השם נשיג זאת!",-,-,-,,-,-,-,-,-,-,-,1560,1109,14020,536,14020,12395,1402,16,73,121,4,9
UzpfSTI2ODEwODYwMjA3NTo0NjI3NjI1ODQ5MjkzNjc=,Benjamin Netanyahu - בנימין נתניהו,https://www.facebook.com/Netanyahu/,2021-04-03 18:42:43,https://www.facebook.com/Netanyahu/videos/462762584929367/,תרבחו ותסעדו! שידור חי מהמימונה של ח״כ אסנת מארק,-,-,-,,-,-,Video,https://www.facebook.com/Netanyahu/videos/462762584929367/,-,-,-,7264,6928,20878,2924,20878,15172,5199,82,104,249,39,33
UzpfSTI2ODEwODYwMjA3NToxMDE1ODE1MTI2NTE0NzA3Ng==,Benjamin Netanyahu - בנימין נתניהו,https://www.facebook.com/Netanyahu/,2021-04-02 13:32:17,https://www.facebook.com/Netanyahu/posts/10158151265147076,שבת שלום לכל אזרחי ישראל ❤️🇮🇱,-,-,-,,-,-,-,-,-,-,-,4009,3117,31698,398,31698,26919,4471,19,39,238,4,8
UzpfSTI2ODEwODYwMjA3NToxMDE1ODE0ODc0NjI3NzA3Ng==,Benjamin Netanyahu - בנימין נתניהו,https://www.facebook.com/Netanyahu/,2021-04-01 07:52:48,https://www.facebook.com/Netanyahu/posts/10158148746277076,-,UzpfSTEwMDAwODY5NjQ5Njc2MDoyNTg4NzMxMDYxNDI2NzUy,אלי ציפורי,https://www.facebook.com/profile.php?id=100008696496760,2021-03-31 15:56:42,https://www.facebook.com/permalink.php?story_fbid=2588731061426752&id=100008696496760,"צפו -

נפתלי בנט: ״ראש ממשלה עם 10 מנדטים - זה לא דמוקרטי״.

על אחת כמה וכמה עם 7 מנדטים.

בנט - רד מהעץ ומהליטוף של השמאל - והצטרף לגוש/ממשלת נתניהו.

תודה לאלון רונן.",-,-,-,-,-,500,299,2326,292,2326,2061,48,11,185,5,4,12
UzpfSTI2ODEwODYwMjA3NToxMDE1ODE0NzU1NTM3NzA3Ng==,Benjamin Netanyahu - בנימין נתניהו,https://www.facebook.com/Netanyahu/,2021-03-31 18:55:41,https://www.facebook.com/Netanyahu/posts/10158147555377076,-,UzpfSTYxNjgyOTM0MzoxMDE1ODk2OTUzNzIwNDM0NA==,בועז גולן,https://www.facebook.com/Boazgolan04,2021-03-31 15:21:20,https://www.facebook.com/Boazgolan04/posts/10158969537204344,"תזכורת להתחייבות של נפתלי בנט אצלי בערוץ 20, ערב הבחירות: ״אני לא אאפשר ליאיר לפיד להיות ראש ממשלה, גם לא ברוטציה״.",-,-,-,-,-,957,732,4431,595,4431,3927,69,18,378,11,8,20
UzpfSTI2ODEwODYwMjA3NTo0NDk2MDg0MzYzNjgzOTc=,Benjamin Netanyahu - בנימין נתניהו,https://www.facebook.com/Netanyahu/,2021-03-31 17:03:15,https://www.facebook.com/Netanyahu/videos/449608436368397/,הצהרה מיוחדת של ראש הממשלה נתניהו,-,-,-,,-,-,Video,https://www.facebook.com/Netanyahu/videos/449608436368397/,-,-,-,4185,3736,11791,1167,11791,8409,3046,52,92,159,15,18
UzpfSTI2ODEwODYwMjA3NToxMDE1ODE0NzA1MTY1MjA3Ng==,Benjamin Netanyahu - בנימין נתניהו,https://www.facebook.com/Netanyahu/,2021-03-31 15:28:37,https://www.facebook.com/Netanyahu/posts/10158147051652076,"צודק - בצלאל סמוטריץ':
**
‏״כל הפוליטיקאים הצבועים שקפצו ""בשם הממלכתיות"" ""להגן"" על הנשיא מפני ""המתקפות"" עליו, יש לכם הסבר אחר לאמירה של הנשיא על כך שהציבור הישראלי בחר ב""חיבורים לא שגרתיים"" ו""שיתופי פעולה חוצי מגזרים"" מלבד התערבות בוטה בהליך הפוליטי ונקיטת צד לטובת קואליציית שמאל-ערבים בראשות בנט?!

‏על פני קואליציה הומוגנית של המחנה הלאומי?! אין דבר שפוגע בממלכתיות ובמוסד נשיא המדינה יותר מהתערבות בוטה כזו של הנשיא בהליך הפוליטי. ולמרבה הצער זו אינה הפעם הראשונה שרבלין עושה זאת.

לגופו של עניין האמירה האומללה הזו של הנשיא מלמדת על חוסר הבנה מוחלטת שלו בדמוקרטיה. קרוב לחצי ‏העם בחר בנתניהו בצורה חד משמעית. שאר הטוענים לכתר לא נהנים מרבע מהתמיכה הזו, וחיבור מלאכותי ביניהם שאין לו שום מכנה משותף ערכי אידיאולוגי  ונועד רק למטרת הדחתו והפלת שלטון הימין, ויעמיד בראשות הממשלה ראש מפלגה עם בקושי 7 מנדטים יהיה סיכול ממוקד של הדמוקרטיה. בדיוק כמו הפעם ‏הקודמת שבה הנשיא התערב והמציא את הרעיון ההזוי והאנטי דמוקרטי של הפריטטיות שהפך כל קול של מצביע ימין לשווה פי שלוש פחות מקול של מצביע שמאל והביא עלינו את הממשלה הרעה והלא מתפקדת האחרונה. 

אדוני הנשיא, אם מוסד הנשיאות חשוב לך משוך ידך מפוליטיקה. אתה כורת את הענף שעליו אתה יושב״.",-,-,-,,-,-,-,-,-,-,-,2757,1748,14146,1072,14146,13445,435,55,117,52,23,19
UzpfSTI2ODEwODYwMjA3NToxMDE1ODE0NDk4NDIwNzA3Ng==,Benjamin Netanyahu - בנימין נתניהו,https://www.facebook.com/Netanyahu/,2021-03-30 16:07:20,https://www.facebook.com/Netanyahu/posts/10158144984207076,"חג שמח אזרחי ישראל! 🇮🇱

אני שמח לראות אתכם חוגגים ומטיילים ברחבי הארץ היפה שלנו - זה לא מובן מאליו. יש לי עדכון אליכם בנוגע לחיסונים >>",-,-,-,,-,-,Video,https://www.facebook.com/Netanyahu/videos/281938200134444/,-,-,-,5193,4302,33104,3092,33104,27968,4536,98,156,299,19,28
UzpfSTI2ODEwODYwMjA3NToxMDE1ODE0NDY1MzEzNzA3Ng==,Benjamin Netanyahu - בנימין נתניהו,https://www.facebook.com/Netanyahu/,2021-03-30 13:04:33,https://www.facebook.com/Netanyahu/posts/10158144653137076,"תודה לאלברט בורלה על האמון האישי שנתן בי, שהביא את ישראל להצלחה עולמית ולמדינה הראשונה בעולם שיוצאת בשלום מהקורונה. חג שמח!",-,-,-,,-,-,Video,https://www.facebook.com/Netanyahu/videos/1949562635194393/,-,-,-,663,521,8909,715,8909,7926,864,15,31,63,1,9
UzpfSTI2ODEwODYwMjA3NToxMDE1ODE0MTI2MTAyMjA3Ng==,Benjamin Netanyahu - בנימין נתניהו,https://www.facebook.com/Netanyahu/,2021-03-28 18:33:31,https://www.facebook.com/Netanyahu/posts/10158141261022076,-,UzpfSTEwOTk3MDMyMjM5Mjk3Mjo0MDYwODE5MzkzOTc0Njky,מפלגת הליכוד,https://www.facebook.com/LikudNetanyahu/,2021-03-28 18:33:09,https://www.facebook.com/LikudNetanyahu/posts/4060819393974692,"שערורייה שלא תאומן: בשביל מינויים וג׳ובים גנץ מונע את חתימת החוזים למיליוני חיסונים שנדרשים לאזרחי ישראל לקראת החיסון הבא.  אם הממשלה לא תאשר מיידית את החוזים שהשיג ראש הממשלה נתניהו, חברות החיסונים עלולות לבטל אותם ולהעבירם למדינות אחרות. 

בני גנץ פועל בחוסר אחריות שמסכן את שלומם ובריאותם של כל אזרחי ישראל. גנץ לפני הכל.",-,-,-,-,-,3264,1688,7044,736,7044,5389,72,1144,206,15,114,104
UzpfSTI2ODEwODYwMjA3NToxMDE1ODEzNjA1NTA4NzA3Ng==,Benjamin Netanyahu - בנימין נתניהו,https://www.facebook.com/Netanyahu/,2021-03-26 12:58:55,https://www.facebook.com/Netanyahu/posts/10158136055087076,❤️🙏🏻,-,-,-,,-,-,Photo,-,https://www.facebook.com/Netanyahu/photos/a.10151681566507076/10158136054987076/,-,-,3114,1761,26120,1711,26120,23003,2729,15,210,140,7,16
